Days,Weight of Bare Sepcimen (g),Weight of Coated Specimen (g),Bare Mass Loss (g),Coated Mass Loss (g)
0,299,293.0,0,0.0
5,298,291.8,1,1.1999999999999886
10,285,292.0,14,1.0
15,277,291.5,22,1.5
20,265,291.0,34,2.0
25,254,290.8,45,2.1999999999999886
30,242,290.0,57,3.0
35,231,288.0,68,5.0
40,229,287.0,70,6.0
45,212,286.0,87,7.0
50,206,285.0,93,8.0
55,202,283.0,97,10.0
60,200,282.0,99,11.0
